scope,position,digit,count,proportion,chi2,p_value,q_value,reject_fdr_05
pooled,1,0,19134,0.09991071008975985,14.935794810741942,0.09271474816852421,0.4547928744021153,False
pooled,1,1,19038,0.09940943340069239,14.935794810741942,0.09271474816852421,0.4547928744021153,False
pooled,1,2,19537,0.10201502785740767,14.935794810741942,0.09271474816852421,0.4547928744021153,False
pooled,1,3,19107,0.09976972602095963,14.935794810741942,0.09271474816852421,0.4547928744021153,False
pooled,1,4,19303,0.10079316592780571,14.935794810741942,0.09271474816852421,0.4547928744021153,False
pooled,1,5,18936,0.0988768269185582,14.935794810741942,0.09271474816852421,0.4547928744021153,False
pooled,1,6,19223,0.10037543535358283,14.935794810741942,0.09271474816852421,0.4547928744021153,False
pooled,1,7,18945,0.09892382160815828,14.935794810741942,0.09271474816852421,0.4547928744021153,False
pooled,1,8,19094,0.09970184480264842,14.935794810741942,0.09271474816852421,0.4547928744021153,False
pooled,1,9,19194,0.10022400802042702,14.935794810741942,0.09271474816852421,0.4547928744021153,False
pooled,2,0,19068,0.09956608236602597,4.877782477246738,0.8448294230317286,0.9618173720989114,False
pooled,2,1,19312,0.10084016061740579,4.877782477246738,0.8448294230317286,0.9618173720989114,False
pooled,2,2,19133,0.09990548845758207,4.877782477246738,0.8448294230317286,0.9618173720989114,False
pooled,2,3,19135,0.09991593172193765,4.877782477246738,0.8448294230317286,0.9618173720989114,False
pooled,2,4,19133,0.09990548845758207,4.877782477246738,0.8448294230317286,0.9618173720989114,False
pooled,2,5,19048,0.09946164972247025,4.877782477246738,0.8448294230317286,0.9618173720989114,False
pooled,2,6,19247,0.1005007545258497,4.877782477246738,0.8448294230317286,0.9618173720989114,False
pooled,2,7,19287,0.10070961981296113,4.877782477246738,0.8448294230317286,0.9618173720989114,False
pooled,2,8,19005,0.09923711953882544,4.877782477246738,0.8448294230317286,0.9618173720989114,False
pooled,2,9,19143,0.09995770477935993,4.877782477246738,0.8448294230317286,0.9618173720989114,False
pooled,3,0,15831,0.09703994752940744,18.29856134952402,0.03186351572160082,0.2822613967413475,False
pooled,3,1,16480,0.1010181501664225,18.29856134952402,0.03186351572160082,0.2822613967413475,False
pooled,3,2,16348,0.10020902420635164,18.29856134952402,0.03186351572160082,0.2822613967413475,False
pooled,3,3,16334,0.10012320781664716,18.29856134952402,0.03186351572160082,0.2822613967413475,False
pooled,3,4,16378,0.1003929164700041,18.29856134952402,0.03186351572160082,0.2822613967413475,False
pooled,3,5,16293,0.09987188838965545,18.29856134952402,0.03186351572160082,0.2822613967413475,False
pooled,3,6,16297,0.09989640735814244,18.29856134952402,0.03186351572160082,0.2822613967413475,False
pooled,3,7,16317,0.10001900220057743,18.29856134952402,0.03186351572160082,0.2822613967413475,False
pooled,3,8,16476,0.1009936311979355,18.29856134952402,0.03186351572160082,0.2822613967413475,False
pooled,3,9,16385,0.10043582466485634,18.29856134952402,0.03186351572160082,0.2822613967413475,False
pooled,4,0,13995,0.09865360214295785,17.834766671366136,0.03713965746596677,0.2822613967413475,False
pooled,4,1,14474,0.10203017059072325,17.834766671366136,0.03713965746596677,0.2822613967413475,False
pooled,4,2,13971,0.09848442126039758,17.834766671366136,0.03713965746596677,0.2822613967413475,False
pooled,4,3,14083,0.09927393204567884,17.834766671366136,0.03713965746596677,0.2822613967413475,False
pooled,4,4,14318,0.1009304948540815,17.834766671366136,0.03713965746596677,0.2822613967413475,False
pooled,4,5,14290,0.10073311715776118,17.834766671366136,0.03713965746596677,0.2822613967413475,False
pooled,4,6,14178,0.09994360637247991,17.834766671366136,0.03713965746596677,0.2822613967413475,False
pooled,4,7,14359,0.10121951219512196,17.834766671366136,0.03713965746596677,0.2822613967413475,False
pooled,4,8,14062,0.0991258987734386,17.834766671366136,0.03713965746596677,0.2822613967413475,False
pooled,4,9,14130,0.09960524460735937,17.834766671366136,0.03713965746596677,0.2822613967413475,False
pooled,5,0,7166,0.10102918370224165,8.064288735372902,0.527680686142401,0.9618173720989114,False
pooled,5,1,7078,0.09978852389679967,8.064288735372902,0.527680686142401,0.9618173720989114,False
pooled,5,2,7058,0.09950655575919921,8.064288735372902,0.527680686142401,0.9618173720989114,False
pooled,5,3,7181,0.10124065980544199,8.064288735372902,0.527680686142401,0.9618173720989114,False
pooled,5,4,6973,0.09830819117439729,8.064288735372902,0.527680686142401,0.9618173720989114,False
pooled,5,5,7021,0.09898491470463838,8.064288735372902,0.527680686142401,0.9618173720989114,False
pooled,5,6,7057,0.0994924573523192,8.064288735372902,0.527680686142401,0.9618173720989114,False
pooled,5,7,7191,0.10138164387424221,8.064288735372902,0.527680686142401,0.9618173720989114,False
pooled,5,8,7025,0.09904130833215846,8.064288735372902,0.527680686142401,0.9618173720989114,False
pooled,5,9,7180,0.10122656139856197,8.064288735372902,0.527680686142401,0.9618173720989114,False
Đặc biệt,1,0,701,0.09882983222895812,6.3218666290709145,0.7073221902933906,0.9618173720989114,False
Đặc biệt,1,1,683,0.09629211899055407,6.3218666290709145,0.7073221902933906,0.9618173720989114,False
Đặc biệt,1,2,699,0.09854786409135767,6.3218666290709145,0.7073221902933906,0.9618173720989114,False
Đặc biệt,1,3,672,0.09474129423375159,6.3218666290709145,0.7073221902933906,0.9618173720989114,False
Đặc biệt,1,4,715,0.10080360919216129,6.3218666290709145,0.7073221902933906,0.9618173720989114,False
Đặc biệt,1,5,728,0.10263640208656422,6.3218666290709145,0.7073221902933906,0.9618173720989114,False
Đặc biệt,1,6,743,0.10475116311856761,6.3218666290709145,0.7073221902933906,0.9618173720989114,False
Đặc biệt,1,7,702,0.09897081629775835,6.3218666290709145,0.7073221902933906,0.9618173720989114,False
Đặc biệt,1,8,716,0.10094459326096152,6.3218666290709145,0.7073221902933906,0.9618173720989114,False
Đặc biệt,1,9,734,0.10348230649936557,6.3218666290709145,0.7073221902933906,0.9618173720989114,False
Đặc biệt,2,0,727,0.10249541801776399,10.145354574933034,0.338846677370583,0.7335219637933751,False
Đặc biệt,2,1,717,0.10108557732976174,10.145354574933034,0.338846677370583,0.7335219637933751,False
Đặc biệt,2,2,662,0.09333145354574933,10.145354574933034,0.338846677370583,0.7335219637933751,False
Đặc biệt,2,3,748,0.10545608346256873,10.145354574933034,0.338846677370583,0.7335219637933751,False
Đặc biệt,2,4,675,0.09516424644015226,10.145354574933034,0.338846677370583,0.7335219637933751,False
Đặc biệt,2,5,697,0.09826589595375723,10.145354574933034,0.338846677370583,0.7335219637933751,False
Đặc biệt,2,6,744,0.10489214718736782,10.145354574933034,0.338846677370583,0.7335219637933751,False
Đặc biệt,2,7,706,0.09953475257295925,10.145354574933034,0.338846677370583,0.7335219637933751,False
Đặc biệt,2,8,692,0.0975609756097561,10.145354574933034,0.338846677370583,0.7335219637933751,False
Đặc biệt,2,9,725,0.10221344988016354,10.145354574933034,0.338846677370583,0.7335219637933751,False
Đặc biệt,3,0,681,0.09601015085295361,5.752290991118003,0.7644312257426037,0.9618173720989114,False
Đặc biệt,3,1,752,0.10602001973776963,5.752290991118003,0.7644312257426037,0.9618173720989114,False
Đặc biệt,3,2,691,0.09741999154095587,5.752290991118003,0.7644312257426037,0.9618173720989114,False
Đặc biệt,3,3,716,0.10094459326096152,5.752290991118003,0.7644312257426037,0.9618173720989114,False
Đặc biệt,3,4,721,0.10164951360496263,5.752290991118003,0.7644312257426037,0.9618173720989114,False
Đặc biệt,3,5,700,0.0986888481601579,5.752290991118003,0.7644312257426037,0.9618173720989114,False
Đặc biệt,3,6,714,0.10066262512336106,5.752290991118003,0.7644312257426037,0.9618173720989114,False
Đặc biệt,3,7,696,0.098124911884957,5.752290991118003,0.7644312257426037,0.9618173720989114,False
Đặc biệt,3,8,693,0.09770195967855633,5.752290991118003,0.7644312257426037,0.9618173720989114,False
Đặc biệt,3,9,729,0.10277738615536444,5.752290991118003,0.7644312257426037,0.9618173720989114,False
Đặc biệt,4,0,679,0.09572818271535316,4.982517975468772,0.8358295403110335,0.9618173720989114,False
Đặc biệt,4,1,724,0.10207246581136331,4.982517975468772,0.8358295403110335,0.9618173720989114,False
Đặc biệt,4,2,719,0.1013675454673622,4.982517975468772,0.8358295403110335,0.9618173720989114,False
Đặc biệt,4,3,701,0.09882983222895812,4.982517975468772,0.8358295403110335,0.9618173720989114,False
Đặc biệt,4,4,699,0.09854786409135767,4.982517975468772,0.8358295403110335,0.9618173720989114,False
Đặc biệt,4,5,748,0.10545608346256873,4.982517975468772,0.8358295403110335,0.9618173720989114,False
Đặc biệt,4,6,720,0.10150852953616242,4.982517975468772,0.8358295403110335,0.9618173720989114,False
Đặc biệt,4,7,687,0.09685605526575497,4.982517975468772,0.8358295403110335,0.9618173720989114,False
Đặc biệt,4,8,711,0.10023967291696038,4.982517975468772,0.8358295403110335,0.9618173720989114,False
Đặc biệt,4,9,705,0.09939376850415903,4.982517975468772,0.8358295403110335,0.9618173720989114,False
Đặc biệt,5,0,666,0.09389538982095023,7.64993655716904,0.5697721045206403,0.9618173720989114,False
Đặc biệt,5,1,689,0.09713802340335542,7.64993655716904,0.5697721045206403,0.9618173720989114,False
Đặc biệt,5,2,700,0.0986888481601579,7.64993655716904,0.5697721045206403,0.9618173720989114,False
Đặc biệt,5,3,687,0.09685605526575497,7.64993655716904,0.5697721045206403,0.9618173720989114,False
Đặc biệt,5,4,712,0.10038065698576061,7.64993655716904,0.5697721045206403,0.9618173720989114,False
Đặc biệt,5,5,723,0.10193148174256308,7.64993655716904,0.5697721045206403,0.9618173720989114,False
Đặc biệt,5,6,749,0.10559706753136895,7.64993655716904,0.5697721045206403,0.9618173720989114,False
Đặc biệt,5,7,709,0.09995770477935993,7.64993655716904,0.5697721045206403,0.9618173720989114,False
Đặc biệt,5,8,727,0.10249541801776399,7.64993655716904,0.5697721045206403,0.9618173720989114,False
Đặc biệt,5,9,731,0.1030593542929649,7.64993655716904,0.5697721045206403,0.9618173720989114,False
Giải nhất,1,0,719,0.1013675454673622,3.344283096010151,0.9490690511286144,0.9840038836072298,False
Giải nhất,1,1,672,0.09474129423375159,3.344283096010151,0.9490690511286144,0.9840038836072298,False
Giải nhất,1,2,701,0.09882983222895812,3.344283096010151,0.9490690511286144,0.9840038836072298,False
Giải nhất,1,3,706,0.09953475257295925,3.344283096010151,0.9490690511286144,0.9840038836072298,False
Giải nhất,1,4,718,0.10122656139856197,3.344283096010151,0.9490690511286144,0.9840038836072298,False
Giải nhất,1,5,711,0.10023967291696038,3.344283096010151,0.9490690511286144,0.9840038836072298,False
Giải nhất,1,6,718,0.10122656139856197,3.344283096010151,0.9490690511286144,0.9840038836072298,False
Giải nhất,1,7,699,0.09854786409135767,3.344283096010151,0.9490690511286144,0.9840038836072298,False
Giải nhất,1,8,731,0.1030593542929649,3.344283096010151,0.9490690511286144,0.9840038836072298,False
Giải nhất,1,9,718,0.10122656139856197,3.344283096010151,0.9490690511286144,0.9840038836072298,False
Giải nhất,2,0,749,0.10559706753136895,16.077964190046526,0.06527123407763617,0.41338448249169574,False
Giải nhất,2,1,719,0.1013675454673622,16.077964190046526,0.06527123407763617,0.41338448249169574,False
Giải nhất,2,2,697,0.09826589595375723,16.077964190046526,0.06527123407763617,0.41338448249169574,False
Giải nhất,2,3,678,0.09558719864655293,16.077964190046526,0.06527123407763617,0.41338448249169574,False
Giải nhất,2,4,728,0.10263640208656422,16.077964190046526,0.06527123407763617,0.41338448249169574,False
Giải nhất,2,5,692,0.0975609756097561,16.077964190046526,0.06527123407763617,0.41338448249169574,False
Giải nhất,2,6,691,0.09741999154095587,16.077964190046526,0.06527123407763617,0.41338448249169574,False
Giải nhất,2,7,776,0.10940363738897504,16.077964190046526,0.06527123407763617,0.41338448249169574,False
Giải nhất,2,8,710,0.10009868884816016,16.077964190046526,0.06527123407763617,0.41338448249169574,False
Giải nhất,2,9,653,0.0920625969265473,16.077964190046526,0.06527123407763617,0.41338448249169574,False
Giải nhất,3,0,671,0.09460031016495137,14.828845340476526,0.09574586829518217,0.4547928744021153,False
Giải nhất,3,1,758,0.10686592415057099,14.828845340476526,0.09574586829518217,0.4547928744021153,False
Giải nhất,3,2,767,0.10813478076977301,14.828845340476526,0.09574586829518217,0.4547928744021153,False
Giải nhất,3,3,703,0.09911180036655858,14.828845340476526,0.09574586829518217,0.4547928744021153,False
Giải nhất,3,4,703,0.09911180036655858,14.828845340476526,0.09574586829518217,0.4547928744021153,False
Giải nhất,3,5,699,0.09854786409135767,14.828845340476526,0.09574586829518217,0.4547928744021153,False
Giải nhất,3,6,685,0.09657408712815452,14.828845340476526,0.09574586829518217,0.4547928744021153,False
Giải nhất,3,7,708,0.0998167207105597,14.828845340476526,0.09574586829518217,0.4547928744021153,False
Giải nhất,3,8,665,0.09375440575215001,14.828845340476526,0.09574586829518217,0.4547928744021153,False
Giải nhất,3,9,734,0.10348230649936557,14.828845340476526,0.09574586829518217,0.4547928744021153,False
Giải nhất,4,0,669,0.09431834202735091,18.559283800930494,0.029212178918505815,0.2822613967413475,False
Giải nhất,4,1,751,0.1058790356689694,18.559283800930494,0.029212178918505815,0.2822613967413475,False
Giải nhất,4,2,704,0.0992527844353588,18.559283800930494,0.029212178918505815,0.2822613967413475,False
Giải nhất,4,3,661,0.0931904694769491,18.559283800930494,0.029212178918505815,0.2822613967413475,False
Giải nhất,4,4,714,0.10066262512336106,18.559283800930494,0.029212178918505815,0.2822613967413475,False
Giải nhất,4,5,762,0.10742986042577189,18.559283800930494,0.029212178918505815,0.2822613967413475,False
Giải nhất,4,6,741,0.10446919498096716,18.559283800930494,0.029212178918505815,0.2822613967413475,False
Giải nhất,4,7,722,0.10179049767376286,18.559283800930494,0.029212178918505815,0.2822613967413475,False
Giải nhất,4,8,718,0.10122656139856197,18.559283800930494,0.029212178918505815,0.2822613967413475,False
Giải nhất,4,9,651,0.09178062878894686,18.559283800930494,0.029212178918505815,0.2822613967413475,False
Giải nhất,5,0,745,0.10503313125616805,10.10587903566897,0.3419819405544852,0.7335219637933751,False
Giải nhất,5,1,729,0.10277738615536444,10.10587903566897,0.3419819405544852,0.7335219637933751,False
Giải nhất,5,2,728,0.10263640208656422,10.10587903566897,0.3419819405544852,0.7335219637933751,False
Giải nhất,5,3,749,0.10559706753136895,10.10587903566897,0.3419819405544852,0.7335219637933751,False
Giải nhất,5,4,663,0.09347243761454956,10.10587903566897,0.3419819405544852,0.7335219637933751,False
Giải nhất,5,5,689,0.09713802340335542,10.10587903566897,0.3419819405544852,0.7335219637933751,False
Giải nhất,5,6,686,0.09671507119695474,10.10587903566897,0.3419819405544852,0.7335219637933751,False
Giải nhất,5,7,714,0.10066262512336106,10.10587903566897,0.3419819405544852,0.7335219637933751,False
Giải nhất,5,8,690,0.09727900747215565,10.10587903566897,0.3419819405544852,0.7335219637933751,False
Giải nhất,5,9,700,0.0986888481601579,10.10587903566897,0.3419819405544852,0.7335219637933751,False
Giải nhì,1,0,1424,0.10038065698576061,2.377273368109404,0.9840038836072297,0.9840038836072298,False
Giải nhì,1,1,1380,0.09727900747215565,2.377273368109404,0.9840038836072297,0.9840038836072298,False
Giải nhì,1,2,1422,0.10023967291696038,2.377273368109404,0.9840038836072297,0.9840038836072298,False
Giải nhì,1,3,1452,0.10235443394896376,2.377273368109404,0.9840038836072297,0.9840038836072298,False
Giải nhì,1,4,1415,0.09974622867615959,2.377273368109404,0.9840038836072297,0.9840038836072298,False
Giải nhì,1,5,1426,0.10052164105456084,2.377273368109404,0.9840038836072297,0.9840038836072298,False
Giải nhì,1,6,1437,0.10129705343296208,2.377273368109404,0.9840038836072297,0.9840038836072298,False
Giải nhì,1,7,1418,0.09995770477935993,2.377273368109404,0.9840038836072297,0.9840038836072298,False
Giải nhì,1,8,1407,0.09918229240095869,2.377273368109404,0.9840038836072297,0.9840038836072298,False
Giải nhì,1,9,1405,0.09904130833215846,2.377273368109404,0.9840038836072297,0.9840038836072298,False
Giải nhì,2,0,1406,0.09911180036655858,4.621739743408994,0.8659579604939188,0.9618173720989114,False
Giải nhì,2,1,1364,0.09615113492175384,4.621739743408994,0.8659579604939188,0.9618173720989114,False
Giải nhì,2,2,1432,0.10094459326096152,4.621739743408994,0.8659579604939188,0.9618173720989114,False
Giải nhì,2,3,1441,0.10157902157056253,4.621739743408994,0.8659579604939188,0.9618173720989114,False
Giải nhì,2,4,1398,0.09854786409135767,4.621739743408994,0.8659579604939188,0.9618173720989114,False
Giải nhì,2,5,1446,0.10193148174256308,4.621739743408994,0.8659579604939188,0.9618173720989114,False
Giải nhì,2,6,1395,0.09833638798815734,4.621739743408994,0.8659579604939188,0.9618173720989114,False
Giải nhì,2,7,1444,0.10179049767376286,4.621739743408994,0.8659579604939188,0.9618173720989114,False
Giải nhì,2,8,1423,0.1003101649513605,4.621739743408994,0.8659579604939188,0.9618173720989114,False
Giải nhì,2,9,1437,0.10129705343296208,4.621739743408994,0.8659579604939188,0.9618173720989114,False
Giải nhì,3,0,1402,0.09882983222895812,4.363738897504582,0.88588442167005,0.9618173720989114,False
Giải nhì,3,1,1415,0.09974622867615959,4.363738897504582,0.88588442167005,0.9618173720989114,False
Giải nhì,3,2,1407,0.09918229240095869,4.363738897504582,0.88588442167005,0.9618173720989114,False
Giải nhì,3,3,1418,0.09995770477935993,4.363738897504582,0.88588442167005,0.9618173720989114,False
Giải nhì,3,4,1378,0.09713802340335542,4.363738897504582,0.88588442167005,0.9618173720989114,False
Giải nhì,3,5,1458,0.10277738615536444,4.363738897504582,0.88588442167005,0.9618173720989114,False
Giải nhì,3,6,1416,0.0998167207105597,4.363738897504582,0.88588442167005,0.9618173720989114,False
Giải nhì,3,7,1416,0.0998167207105597,4.363738897504582,0.88588442167005,0.9618173720989114,False
Giải nhì,3,8,1468,0.10348230649936557,4.363738897504582,0.88588442167005,0.9618173720989114,False
Giải nhì,3,9,1408,0.0992527844353588,4.363738897504582,0.88588442167005,0.9618173720989114,False
Giải nhì,4,0,1360,0.09586916678415339,10.957563795291133,0.2786289497362236,0.7335219637933751,False
Giải nhì,4,1,1445,0.10186098970816297,10.957563795291133,0.2786289497362236,0.7335219637933751,False
Giải nhì,4,2,1371,0.09664457916255463,10.957563795291133,0.2786289497362236,0.7335219637933751,False
Giải nhì,4,3,1377,0.09706753136895531,10.957563795291133,0.2786289497362236,0.7335219637933751,False
Giải nhì,4,4,1429,0.10073311715776118,10.957563795291133,0.2786289497362236,0.7335219637933751,False
Giải nhì,4,5,1486,0.10475116311856761,10.957563795291133,0.2786289497362236,0.7335219637933751,False
Giải nhì,4,6,1390,0.09798392781615678,10.957563795291133,0.2786289497362236,0.7335219637933751,False
Giải nhì,4,7,1454,0.10249541801776399,10.957563795291133,0.2786289497362236,0.7335219637933751,False
Giải nhì,4,8,1440,0.10150852953616242,10.957563795291133,0.2786289497362236,0.7335219637933751,False
Giải nhì,4,9,1434,0.10108557732976174,10.957563795291133,0.2786289497362236,0.7335219637933751,False
Giải nhì,5,0,1409,0.09932327646975891,2.9553080501903284,0.9660404843610586,0.9840038836072298,False
Giải nhì,5,1,1438,0.1013675454673622,2.9553080501903284,0.9660404843610586,0.9840038836072298,False
Giải nhì,5,2,1444,0.10179049767376286,2.9553080501903284,0.9660404843610586,0.9840038836072298,False
Giải nhì,5,3,1407,0.09918229240095869,2.9553080501903284,0.9660404843610586,0.9840038836072298,False
Giải nhì,5,4,1425,0.10045114902016072,2.9553080501903284,0.9660404843610586,0.9840038836072298,False
Giải nhì,5,5,1372,0.09671507119695474,2.9553080501903284,0.9660404843610586,0.9840038836072298,False
Giải nhì,5,6,1404,0.09897081629775835,2.9553080501903284,0.9660404843610586,0.9840038836072298,False
Giải nhì,5,7,1440,0.10150852953616242,2.9553080501903284,0.9660404843610586,0.9840038836072298,False
Giải nhì,5,8,1426,0.10052164105456084,2.9553080501903284,0.9660404843610586,0.9840038836072298,False
Giải nhì,5,9,1421,0.10016918088256027,2.9553080501903284,0.9660404843610586,0.9840038836072298,False
Giải ba,1,0,4209,0.09890032426335824,7.282673057944452,0.6077149738951004,0.9618173720989114,False
Giải ba,1,1,4301,0.1010620799849617,7.282673057944452,0.6077149738951004,0.9618173720989114,False
Giải ba,1,2,4279,0.10054513839936087,7.282673057944452,0.6077149738951004,0.9618173720989114,False
Giải ba,1,3,4205,0.09880633488415809,7.282673057944452,0.6077149738951004,0.9618173720989114,False
Giải ba,1,4,4253,0.0999342074345599,7.282673057944452,0.6077149738951004,0.9618173720989114,False
Giải ba,1,5,4165,0.09786644109215659,7.282673057944452,0.6077149738951004,0.9618173720989114,False
Giải ba,1,6,4359,0.10242492598336388,7.282673057944452,0.6077149738951004,0.9618173720989114,False
Giải ba,1,7,4215,0.09904130833215846,7.282673057944452,0.6077149738951004,0.9618173720989114,False
Giải ba,1,8,4261,0.10012218619296019,7.282673057944452,0.6077149738951004,0.9618173720989114,False
Giải ba,1,9,4311,0.10129705343296208,7.282673057944452,0.6077149738951004,0.9618173720989114,False
Giải ba,2,0,4221,0.09918229240095869,4.853517552516566,0.8468859253858949,0.9618173720989114,False
Giải ba,2,1,4256,0.10000469946896001,4.853517552516566,0.8468859253858949,0.9618173720989114,False
Giải ba,2,2,4280,0.1005686357441609,4.853517552516566,0.8468859253858949,0.9618173720989114,False
Giải ba,2,3,4212,0.09897081629775835,4.853517552516566,0.8468859253858949,0.9618173720989114,False
Giải ba,2,4,4215,0.09904130833215846,4.853517552516566,0.8468859253858949,0.9618173720989114,False
Giải ba,2,5,4343,0.10204896846656328,4.853517552516566,0.8468859253858949,0.9618173720989114,False
Giải ba,2,6,4204,0.09878283753935806,4.853517552516566,0.8468859253858949,0.9618173720989114,False
Giải ba,2,7,4249,0.09984021805535974,4.853517552516566,0.8468859253858949,0.9618173720989114,False
Giải ba,2,8,4326,0.10164951360496263,4.853517552516566,0.8468859253858949,0.9618173720989114,False
Giải ba,2,9,4252,0.09991071008975985,4.853517552516566,0.8468859253858949,0.9618173720989114,False
Giải ba,3,0,4128,0.0969970393345552,10.037501762300858,0.3474577723231777,0.7335219637933751,False
Giải ba,3,1,4245,0.09974622867615959,10.037501762300858,0.3474577723231777,0.7335219637933751,False
Giải ba,3,2,4305,0.10115606936416185,10.037501762300858,0.3474577723231777,0.7335219637933751,False
Giải ba,3,3,4180,0.09821890126415715,10.037501762300858,0.3474577723231777,0.7335219637933751,False
Giải ba,3,4,4243,0.09969923398655951,10.037501762300858,0.3474577723231777,0.7335219637933751,False
Giải ba,3,5,4371,0.10270689412096433,10.037501762300858,0.3474577723231777,0.7335219637933751,False
Giải ba,3,6,4241,0.09965223929695945,10.037501762300858,0.3474577723231777,0.7335219637933751,False
Giải ba,3,7,4244,0.09972273133135956,10.037501762300858,0.3474577723231777,0.7335219637933751,False
Giải ba,3,8,4288,0.10075661450256121,10.037501762300858,0.3474577723231777,0.7335219637933751,False
Giải ba,3,9,4313,0.10134404812256215,10.037501762300858,0.3474577723231777,0.7335219637933751,False
Giải ba,4,0,4219,0.09913529771135862,4.984632736500775,0.8356457993334496,0.9618173720989114,False
Giải ba,4,1,4282,0.10061563043376098,4.984632736500775,0.8356457993334496,0.9618173720989114,False
Giải ba,4,2,4222,0.09920578974575874,4.984632736500775,0.8356457993334496,0.9618173720989114,False
Giải ba,4,3,4264,0.1001926782273603,4.984632736500775,0.8356457993334496,0.9618173720989114,False
Giải ba,4,4,4331,0.10176700032896283,4.984632736500775,0.8356457993334496,0.9618173720989114,False
Giải ba,4,5,4261,0.10012218619296019,4.984632736500775,0.8356457993334496,0.9618173720989114,False
Giải ba,4,6,4208,0.0988768269185582,4.984632736500775,0.8356457993334496,0.9618173720989114,False
Giải ba,4,7,4311,0.10129705343296208,4.984632736500775,0.8356457993334496,0.9618173720989114,False
Giải ba,4,8,4283,0.10063912777856102,4.984632736500775,0.8356457993334496,0.9618173720989114,False
Giải ba,4,9,4177,0.09814840922975704,4.984632736500775,0.8356457993334496,0.9618173720989114,False
Giải ba,5,0,4346,0.10211946050096339,10.671930071901876,0.2988683102442696,0.7335219637933751,False
Giải ba,5,1,4222,0.09920578974575874,10.671930071901876,0.2988683102442696,0.7335219637933751,False
Giải ba,5,2,4186,0.09835988533295738,10.671930071901876,0.2988683102442696,0.7335219637933751,False
Giải ba,5,3,4338,0.10193148174256308,10.671930071901876,0.2988683102442696,0.7335219637933751,False
Giải ba,5,4,4173,0.09805441985055689,10.671930071901876,0.2988683102442696,0.7335219637933751,False
Giải ba,5,5,4237,0.09955824991775929,10.671930071901876,0.2988683102442696,0.7335219637933751,False
Giải ba,5,6,4218,0.09911180036655858,10.671930071901876,0.2988683102442696,0.7335219637933751,False
Giải ba,5,7,4328,0.10169650829456271,10.671930071901876,0.2988683102442696,0.7335219637933751,False
Giải ba,5,8,4182,0.09826589595375723,10.671930071901876,0.2988683102442696,0.7335219637933751,False
Giải ba,5,9,4328,0.10169650829456271,10.671930071901876,0.2988683102442696,0.7335219637933751,False
Giải tư,1,0,2865,0.10097983927816157,27.594670802199357,0.0011144975410575652,0.04235090656018747,True
Giải tư,1,1,2845,0.10027491893416043,27.594670802199357,0.0011144975410575652,0.04235090656018747,True
Giải tư,1,2,3028,0.10672494008177076,27.594670802199357,0.0011144975410575652,0.04235090656018747,True
Giải tư,1,3,2865,0.10097983927816157,27.594670802199357,0.0011144975410575652,0.04235090656018747,True
Giải tư,1,4,2876,0.1013675454673622,27.594670802199357,0.0011144975410575652,0.04235090656018747,True
Giải tư,1,5,2672,0.09417735795855069,27.594670802199357,0.0011144975410575652,0.04235090656018747,True
Giải tư,1,6,2835,0.09992245876215988,27.594670802199357,0.0011144975410575652,0.04235090656018747,True
Giải tư,1,7,2843,0.10020442689976032,27.594670802199357,0.0011144975410575652,0.04235090656018747,True
Giải tư,1,8,2809,0.09900606231495841,27.594670802199357,0.0011144975410575652,0.04235090656018747,True
Giải tư,1,9,2734,0.09636261102495418,27.594670802199357,0.0011144975410575652,0.04235090656018747,True
Giải tư,2,0,2720,0.09586916678415339,13.577329761736923,0.13817474353498863,0.5428662098457063,False
Giải tư,2,1,2948,0.10390525870576625,13.577329761736923,0.13817474353498863,0.5428662098457063,False
Giải tư,2,2,2840,0.10009868884816016,13.577329761736923,0.13817474353498863,0.5428662098457063,False
Giải tư,2,3,2829,0.09971098265895954,13.577329761736923,0.13817474353498863,0.5428662098457063,False
Giải tư,2,4,2917,0.1028126321725645,13.577329761736923,0.13817474353498863,0.5428662098457063,False
Giải tư,2,5,2846,0.1003101649513605,13.577329761736923,0.13817474353498863,0.5428662098457063,False
Giải tư,2,6,2854,0.10059213308896095,13.577329761736923,0.13817474353498863,0.5428662098457063,False
Giải tư,2,7,2825,0.09956999859015932,13.577329761736923,0.13817474353498863,0.5428662098457063,False
Giải tư,2,8,2763,0.09738474552375581,13.577329761736923,0.13817474353498863,0.5428662098457063,False
Giải tư,2,9,2830,0.09974622867615959,13.577329761736923,0.13817474353498863,0.5428662098457063,False
Giải tư,3,0,2706,0.0953757225433526,13.460312984632736,0.14285952890676482,0.5428662098457063,False
Giải tư,3,1,2896,0.10207246581136331,13.460312984632736,0.14285952890676482,0.5428662098457063,False
Giải tư,3,2,2796,0.09854786409135767,13.460312984632736,0.14285952890676482,0.5428662098457063,False
Giải tư,3,3,2892,0.10193148174256308,13.460312984632736,0.14285952890676482,0.5428662098457063,False
Giải tư,3,4,2931,0.10330607641336528,13.460312984632736,0.14285952890676482,0.5428662098457063,False
Giải tư,3,5,2799,0.09865360214295785,13.460312984632736,0.14285952890676482,0.5428662098457063,False
Giải tư,3,6,2841,0.10013393486536021,13.460312984632736,0.14285952890676482,0.5428662098457063,False
Giải tư,3,7,2806,0.09890032426335824,13.460312984632736,0.14285952890676482,0.5428662098457063,False
Giải tư,3,8,2876,0.1013675454673622,13.460312984632736,0.14285952890676482,0.5428662098457063,False
Giải tư,3,9,2829,0.09971098265895954,13.460312984632736,0.14285952890676482,0.5428662098457063,False
Giải tư,4,0,2845,0.10027491893416043,7.174538277174681,0.6189530286217112,0.9618173720989114,False
Giải tư,4,1,2925,0.10309460031016496,7.174538277174681,0.6189530286217112,0.9618173720989114,False
Giải tư,4,2,2752,0.0969970393345552,7.174538277174681,0.6189530286217112,0.9618173720989114,False
Giải tư,4,3,2833,0.09985196672775977,7.174538277174681,0.6189530286217112,0.9618173720989114,False
Giải tư,4,4,2880,0.10150852953616242,7.174538277174681,0.6189530286217112,0.9618173720989114,False
Giải tư,4,5,2806,0.09890032426335824,7.174538277174681,0.6189530286217112,0.9618173720989114,False
Giải tư,4,6,2827,0.09964049062455943,7.174538277174681,0.6189530286217112,0.9618173720989114,False
Giải tư,4,7,2869,0.10112082334696179,7.174538277174681,0.6189530286217112,0.9618173720989114,False
Giải tư,4,8,2800,0.0986888481601579,7.174538277174681,0.6189530286217112,0.9618173720989114,False
Giải tư,4,9,2835,0.09992245876215988,7.174538277174681,0.6189530286217112,0.9618173720989114,False
Giải tư,5,0,0,,,,,False
Giải tư,5,1,0,,,,,False
Giải tư,5,2,0,,,,,False
Giải tư,5,3,0,,,,,False
Giải tư,5,4,0,,,,,False
Giải tư,5,5,0,,,,,False
Giải tư,5,6,0,,,,,False
Giải tư,5,7,0,,,,,False
Giải tư,5,8,0,,,,,False
Giải tư,5,9,0,,,,,False
Giải năm,1,0,4358,0.10240142863856384,10.921001926782273,0.2811627659875087,0.7335219637933751,False
Giải năm,1,1,4211,0.09894731895295832,10.921001926782273,0.2811627659875087,0.7335219637933751,False
Giải năm,1,2,4304,0.10113257201936181,10.921001926782273,0.2811627659875087,0.7335219637933751,False
Giải năm,1,3,4252,0.09991071008975985,10.921001926782273,0.2811627659875087,0.7335219637933751,False
Giải năm,1,4,4326,0.10164951360496263,10.921001926782273,0.2811627659875087,0.7335219637933751,False
Giải năm,1,5,4217,0.09908830302175854,10.921001926782273,0.2811627659875087,0.7335219637933751,False
Giải năm,1,6,4209,0.09890032426335824,10.921001926782273,0.2811627659875087,0.7335219637933751,False
Giải năm,1,7,4111,0.09659758447295455,10.921001926782273,0.2811627659875087,0.7335219637933751,False
Giải năm,1,8,4271,0.10035715964096058,10.921001926782273,0.2811627659875087,0.7335219637933751,False
Giải năm,1,9,4299,0.10101508529536163,10.921001926782273,0.2811627659875087,0.7335219637933751,False
Giải năm,2,0,4323,0.10157902157056253,20.895154847502234,0.01312417138476753,0.2493592563105831,False
Giải năm,2,1,4243,0.09969923398655951,20.895154847502234,0.01312417138476753,0.2493592563105831,False
Giải năm,2,2,4322,0.10155552422576249,20.895154847502234,0.01312417138476753,0.2493592563105831,False
Giải năm,2,3,4232,0.09944076319375911,20.895154847502234,0.01312417138476753,0.2493592563105831,False
Giải năm,2,4,4282,0.10061563043376098,20.895154847502234,0.01312417138476753,0.2493592563105831,False
Giải năm,2,5,4063,0.09546971192255276,20.895154847502234,0.01312417138476753,0.2493592563105831,False
Giải năm,2,6,4331,0.10176700032896283,20.895154847502234,0.01312417138476753,0.2493592563105831,False
Giải năm,2,7,4408,0.10357629587856572,20.895154847502234,0.01312417138476753,0.2493592563105831,False
Giải năm,2,8,4167,0.09791343578175667,20.895154847502234,0.01312417138476753,0.2493592563105831,False
Giải năm,2,9,4187,0.09838338267775741,20.895154847502234,0.01312417138476753,0.2493592563105831,False
Giải năm,3,0,4210,0.09892382160815828,7.0119836458480185,0.6358716747936419,0.9618173720989114,False
Giải năm,3,1,4260,0.10009868884816016,7.0119836458480185,0.6358716747936419,0.9618173720989114,False
Giải năm,3,2,4243,0.09969923398655951,7.0119836458480185,0.6358716747936419,0.9618173720989114,False
Giải năm,3,3,4270,0.10033366229616053,7.0119836458480185,0.6358716747936419,0.9618173720989114,False
Giải năm,3,4,4285,0.1006861224681611,7.0119836458480185,0.6358716747936419,0.9618173720989114,False
Giải năm,3,5,4183,0.09828939329855726,7.0119836458480185,0.6358716747936419,0.9618173720989114,False
Giải năm,3,6,4266,0.10023967291696038,7.0119836458480185,0.6358716747936419,0.9618173720989114,False
Giải năm,3,7,4341,0.1020019737769632,7.0119836458480185,0.6358716747936419,0.9618173720989114,False
Giải năm,3,8,4333,0.1018139950185629,7.0119836458480185,0.6358716747936419,0.9618173720989114,False
Giải năm,3,9,4167,0.09791343578175667,7.0119836458480185,0.6358716747936419,0.9618173720989114,False
Giải năm,4,0,4223,0.09922928709055877,10.47455237558156,0.31344957616063773,0.7335219637933751,False
Giải năm,4,1,4347,0.10214295784576342,10.47455237558156,0.31344957616063773,0.7335219637933751,False
Giải năm,4,2,4203,0.09875934019455801,10.47455237558156,0.31344957616063773,0.7335219637933751,False
Giải năm,4,3,4247,0.09979322336575967,10.47455237558156,0.31344957616063773,0.7335219637933751,False
Giải năm,4,4,4265,0.10021617557216035,10.47455237558156,0.31344957616063773,0.7335219637933751,False
Giải năm,4,5,4227,0.09932327646975891,10.47455237558156,0.31344957616063773,0.7335219637933751,False
Giải năm,4,6,4292,0.10085060388176136,10.47455237558156,0.31344957616063773,0.7335219637933751,False
Giải năm,4,7,4316,0.10141454015696226,10.47455237558156,0.31344957616063773,0.7335219637933751,False
Giải năm,4,8,4110,0.09657408712815452,10.47455237558156,0.31344957616063773,0.7335219637933751,False
Giải năm,4,9,4328,0.10169650829456271,10.47455237558156,0.31344957616063773,0.7335219637933751,False
Giải năm,5,0,0,,,,,False
Giải năm,5,1,0,,,,,False
Giải năm,5,2,0,,,,,False
Giải năm,5,3,0,,,,,False
Giải năm,5,4,0,,,,,False
Giải năm,5,5,0,,,,,False
Giải năm,5,6,0,,,,,False
Giải năm,5,7,0,,,,,False
Giải năm,5,8,0,,,,,False
Giải năm,5,9,0,,,,,False
Giải sáu,1,0,2070,0.09727900747215565,5.611588890455378,0.7780741662594931,0.9618173720989114,False
Giải sáu,1,1,2128,0.10000469946896001,5.611588890455378,0.7780741662594931,0.9618173720989114,False
Giải sáu,1,2,2179,0.10240142863856384,5.611588890455378,0.7780741662594931,0.9618173720989114,False
Giải sáu,1,3,2114,0.09934677381455896,5.611588890455378,0.7780741662594931,0.9618173720989114,False
Giải sáu,1,4,2133,0.10023967291696038,5.611588890455378,0.7780741662594931,0.9618173720989114,False
Giải sáu,1,5,2184,0.10263640208656422,5.611588890455378,0.7780741662594931,0.9618173720989114,False
Giải sáu,1,6,2096,0.0985008694017576,5.611588890455378,0.7780741662594931,0.9618173720989114,False
Giải sáu,1,7,2157,0.1013675454673622,5.611588890455378,0.7780741662594931,0.9618173720989114,False
Giải sáu,1,8,2105,0.09892382160815828,5.611588890455378,0.7780741662594931,0.9618173720989114,False
Giải sáu,1,9,2113,0.09929977912495888,5.611588890455378,0.7780741662594931,0.9618173720989114,False
Giải sáu,2,0,2093,0.09835988533295738,12.621316791202595,0.18050308159168477,0.623556100044002,False
Giải sáu,2,1,2215,0.10409323746416654,12.621316791202595,0.18050308159168477,0.623556100044002,False
Giải sáu,2,2,2041,0.09591616147375347,12.621316791202595,0.18050308159168477,0.623556100044002,False
Giải sáu,2,3,2121,0.09967573664175948,12.621316791202595,0.18050308159168477,0.623556100044002,False
Giải sáu,2,4,2142,0.10066262512336106,12.621316791202595,0.18050308159168477,0.623556100044002,False
Giải sáu,2,5,2151,0.10108557732976174,12.621316791202595,0.18050308159168477,0.623556100044002,False
Giải sáu,2,6,2198,0.10329432774096527,12.621316791202595,0.18050308159168477,0.623556100044002,False
Giải sáu,2,7,2066,0.09709102871375534,12.621316791202595,0.18050308159168477,0.623556100044002,False
Giải sáu,2,8,2104,0.0988768269185582,12.621316791202595,0.18050308159168477,0.623556100044002,False
Giải sáu,2,9,2148,0.10094459326096152,12.621316791202595,0.18050308159168477,0.623556100044002,False
Giải sáu,3,0,2033,0.09554020395695287,9.291273086141265,0.4108332399224577,0.8216664798449154,False
Giải sáu,3,1,2154,0.10122656139856197,9.291273086141265,0.4108332399224577,0.8216664798449154,False
Giải sáu,3,2,2139,0.10052164105456084,9.291273086141265,0.4108332399224577,0.8216664798449154,False
Giải sáu,3,3,2155,0.10127355608816203,9.291273086141265,0.4108332399224577,0.8216664798449154,False
Giải sáu,3,4,2117,0.09948775788335917,9.291273086141265,0.4108332399224577,0.8216664798449154,False
Giải sáu,3,5,2083,0.09788993843695662,9.291273086141265,0.4108332399224577,0.8216664798449154,False
Giải sáu,3,6,2134,0.10028666760656046,9.291273086141265,0.4108332399224577,0.8216664798449154,False
Giải sáu,3,7,2106,0.09897081629775835,9.291273086141265,0.4108332399224577,0.8216664798449154,False
Giải sáu,3,8,2153,0.10117956670896189,9.291273086141265,0.4108332399224577,0.8216664798449154,False
Giải sáu,3,9,2205,0.1036232905681658,9.291273086141265,0.4108332399224577,0.8216664798449154,False
Giải sáu,4,0,0,,,,,False
Giải sáu,4,1,0,,,,,False
Giải sáu,4,2,0,,,,,False
Giải sáu,4,3,0,,,,,False
Giải sáu,4,4,0,,,,,False
Giải sáu,4,5,0,,,,,False
Giải sáu,4,6,0,,,,,False
Giải sáu,4,7,0,,,,,False
Giải sáu,4,8,0,,,,,False
Giải sáu,4,9,0,,,,,False
Giải sáu,5,0,0,,,,,False
Giải sáu,5,1,0,,,,,False
Giải sáu,5,2,0,,,,,False
Giải sáu,5,3,0,,,,,False
Giải sáu,5,4,0,,,,,False
Giải sáu,5,5,0,,,,,False
Giải sáu,5,6,0,,,,,False
Giải sáu,5,7,0,,,,,False
Giải sáu,5,8,0,,,,,False
Giải sáu,5,9,0,,,,,False
Giải bảy,1,0,2788,0.09826589595375723,5.859861835612576,0.7538578915347792,0.9618173720989114,False
Giải bảy,1,1,2818,0.09932327646975891,5.859861835612576,0.7538578915347792,0.9618173720989114,False
Giải bảy,1,2,2925,0.10309460031016496,5.859861835612576,0.7538578915347792,0.9618173720989114,False
Giải bảy,1,3,2841,0.10013393486536021,5.859861835612576,0.7538578915347792,0.9618173720989114,False
Giải bảy,1,4,2867,0.10105033131256168,5.859861835612576,0.7538578915347792,0.9618173720989114,False
Giải bảy,1,5,2833,0.09985196672775977,5.859861835612576,0.7538578915347792,0.9618173720989114,False
Giải bảy,1,6,2826,0.09960524460735937,5.859861835612576,0.7538578915347792,0.9618173720989114,False
Giải bảy,1,7,2800,0.0986888481601579,5.859861835612576,0.7538578915347792,0.9618173720989114,False
Giải bảy,1,8,2794,0.09847737205695756,5.859861835612576,0.7538578915347792,0.9618173720989114,False
Giải bảy,1,9,2880,0.10150852953616242,5.859861835612576,0.7538578915347792,0.9618173720989114,False
Giải bảy,2,0,2829,0.09971098265895954,4.555759199210489,0.8711894448723605,0.9618173720989114,False
Giải bảy,2,1,2850,0.10045114902016072,4.555759199210489,0.8711894448723605,0.9618173720989114,False
Giải bảy,2,2,2859,0.10076836317496123,4.555759199210489,0.8711894448723605,0.9618173720989114,False
Giải bảy,2,3,2874,0.10129705343296208,4.555759199210489,0.8711894448723605,0.9618173720989114,False
Giải bảy,2,4,2776,0.09784294374735655,4.555759199210489,0.8711894448723605,0.9618173720989114,False
Giải bảy,2,5,2810,0.09904130833215846,4.555759199210489,0.8711894448723605,0.9618173720989114,False
Giải bảy,2,6,2830,0.09974622867615959,4.555759199210489,0.8711894448723605,0.9618173720989114,False
Giải bảy,2,7,2813,0.09914704638375864,4.555759199210489,0.8711894448723605,0.9618173720989114,False
Giải bảy,2,8,2820,0.09939376850415903,4.555759199210489,0.8711894448723605,0.9618173720989114,False
Giải bảy,2,9,2911,0.10260115606936417,4.555759199210489,0.8711894448723605,0.9618173720989114,False
Giải bảy,3,0,0,,,,,False
Giải bảy,3,1,0,,,,,False
Giải bảy,3,2,0,,,,,False
Giải bảy,3,3,0,,,,,False
Giải bảy,3,4,0,,,,,False
Giải bảy,3,5,0,,,,,False
Giải bảy,3,6,0,,,,,False
Giải bảy,3,7,0,,,,,False
Giải bảy,3,8,0,,,,,False
Giải bảy,3,9,0,,,,,False
Giải bảy,4,0,0,,,,,False
Giải bảy,4,1,0,,,,,False
Giải bảy,4,2,0,,,,,False
Giải bảy,4,3,0,,,,,False
Giải bảy,4,4,0,,,,,False
Giải bảy,4,5,0,,,,,False
Giải bảy,4,6,0,,,,,False
Giải bảy,4,7,0,,,,,False
Giải bảy,4,8,0,,,,,False
Giải bảy,4,9,0,,,,,False
Giải bảy,5,0,0,,,,,False
Giải bảy,5,1,0,,,,,False
Giải bảy,5,2,0,,,,,False
Giải bảy,5,3,0,,,,,False
Giải bảy,5,4,0,,,,,False
Giải bảy,5,5,0,,,,,False
Giải bảy,5,6,0,,,,,False
Giải bảy,5,7,0,,,,,False
Giải bảy,5,8,0,,,,,False
Giải bảy,5,9,0,,,,,False
